Y,X0,X1,Z0,Z1
72.51043563741423,1.0,3.0798196778410087,1.0,0.7445709553287874
33.858989325157324,1.0,0.09242168391607763,1.0,-1.2707878858318533
7.886159015415774,1.0,-1.9791019988784115,1.0,-2.173780070787239
43.29677585568179,1.0,1.6668075745315123,1.0,-0.22713378802544237
-1.95064287492676,1.0,-0.4644473561288104,1.0,-1.6561652195142003
-20.711570748568633,1.0,0.9082682564710732,1.0,-0.6004437360692307
-135.93334801867024,1.0,0.3521867239111738,1.0,0.6706983056467398
-28.488266304805332,1.0,0.11254679504975512,1.0,-0.6234163095313398
-2.761390396720445,1.0,1.4801145495055128,1.0,-0.20873427960539756
10.762893474105145,1.0,0.9337045901801352,1.0,-0.1952967901759475
-82.65633524549968,1.0,-1.4654426794251125,1.0,-0.8465000006477578
-23.844030036815344,1.0,-0.20766032526029304,1.0,-1.1230017737283782
-37.96652770421626,1.0,-0.4005717605694721,1.0,0.1540244615664731
1.2851732655061212,1.0,0.9553512325050801,1.0,0.061240783431027665
-8.71181271633018,1.0,3.46077683638258,1.0,3.0248395579687593
28.353306094313563,1.0,0.19404825496928557,1.0,-1.6925172122913141
84.44429044232534,1.0,2.532498805670995,1.0,0.21450245708343985
36.845766720448275,1.0,0.8990294539529784,1.0,-0.3578309302189179
46.705396006085955,1.0,1.752817856368252,1.0,0.45818533240596404
-22.559176546286118,1.0,-0.34269803584924285,1.0,-0.6674616704081882
5.149713318884983,1.0,-0.206453847977506,1.0,-2.41964949465322
-29.751658577958015,1.0,0.40742765128302005,1.0,-0.4392131507667926
77.49107604588606,1.0,2.2638048312387204,1.0,-0.986825744487822
47.72472394934789,1.0,4.836231237327512,1.0,3.8129889243364126
-48.23999248992216,1.0,0.390090837399625,1.0,0.8194511649205474
0.493208072685823,1.0,0.45647594457588614,1.0,0.5666406919350279
-70.79818920374767,1.0,1.124565903941436,1.0,0.7200428288866023
45.545237045035364,1.0,1.177644922470075,1.0,-0.4976808815360578
-14.074388665975974,1.0,0.9520222768624558,1.0,0.01651436734250931
49.25579840189489,1.0,-0.07765575562657467,1.0,-1.750627867058972
-38.08083533721086,1.0,0.6997149057452756,1.0,1.1008504965002566
3.9614292071749126,1.0,3.102872009881375,1.0,2.1279251812479014
-49.72470356945776,1.0,-1.5841298808466124,1.0,-1.1660472880059842
-1.1011258762498928,1.0,1.3009208997607344,1.0,1.273755317908824
-19.839084350127433,1.0,0.12133163600312713,1.0,-0.9757389377271676
38.4830794489395,1.0,1.103141261868977,1.0,0.9323441072467961
-20.498251490682815,1.0,0.4412458459914569,1.0,-0.5018481050314185
-41.463378874077506,1.0,1.4040454009259984,1.0,1.5816173169371806
-45.94556635698202,1.0,-1.184494471462801,1.0,-1.8410293242496665
-22.62787884296151,1.0,0.46709664725594324,1.0,-0.3630703105613233
-14.816018058356963,1.0,-0.9340421892847205,1.0,-1.1737513124422239
5.462562696443254,1.0,1.5672435098717705,1.0,0.2278760394368849
-65.34226585323525,1.0,0.517155633486332,1.0,-1.329423838835139
25.318006962843867,1.0,2.3266129091254113,1.0,2.0443987415727833
-11.13247481270587,1.0,1.3459244497987386,1.0,0.04706063963008306
-48.657150680725024,1.0,-1.2435414020463837,1.0,-0.07645263483450479
-46.12088579701292,1.0,1.731979907020209,1.0,1.1572247114621923
12.034742513672988,1.0,1.3917604757302209,1.0,0.6131470398710657
80.62816262798626,1.0,2.8247399039644074,1.0,0.661095376934185
-35.80801301815855,1.0,2.2553981470040654,1.0,0.1602430616562077
13.732485487851514,1.0,1.4238241644025973,1.0,0.21443486570568485
25.495948843660614,1.0,0.8945018918518776,1.0,0.11287408391166849
7.422242448131136,1.0,-0.7826803008086374,1.0,-1.5627284384494535
36.62831941427447,1.0,1.4295794925174254,1.0,-0.005970716041228945
-56.77908200097471,1.0,-0.6474937235627454,1.0,0.43578625891131456
-15.284846644794664,1.0,0.4571456280589097,1.0,-0.32945646651954047
-34.795572987586716,1.0,-1.5333399859936705,1.0,-0.8801314766147023
-1.0232902064972584,1.0,0.22960011773195854,1.0,-0.40121837120273773
-3.5442483196986156,1.0,2.4288464006102766,1.0,0.5641131686110098
20.975748990898065,1.0,2.1190167071494095,1.0,0.5656069141064682
-34.005679493841924,1.0,-0.005970369826162614,1.0,0.18443672095504413
-20.024902038343544,1.0,0.7741986280615853,1.0,0.7094539134888181
-1.625537977855874,1.0,0.8304358797645338,1.0,0.4377589486923134
8.081956691439784,1.0,-1.7295320249865451,1.0,-2.8344912743039403
-39.5694195929741,1.0,-0.025588515969187653,1.0,-0.37422873549747343
6.3221360205904045,1.0,1.1811205763154262,1.0,0.08413918310897525
33.36028301108673,1.0,2.334299953021925,1.0,-0.03501627283647477
-10.19614331104988,1.0,2.417775840973629,1.0,1.51548762874389
-23.139726873790377,1.0,-1.1735989697471934,1.0,-0.8720776208982186
-9.49751345961106,1.0,2.2457971960664684,1.0,1.1123209679588828
8.753205036793037,1.0,1.265913686175924,1.0,1.1524937628879348
-27.54505738801148,1.0,0.3527451220064509,1.0,0.06420344069587253
-57.1664974871659,1.0,-0.8888231320587735,1.0,-1.0168815118206769
-18.422622298204065,1.0,1.5053312541860162,1.0,1.2836937474493657
2.7738728021393966,1.0,-0.4814545571654959,1.0,-0.9403259672618061
21.6239221889589,1.0,3.3006079384895823,1.0,1.5984794456563443
35.47413644809848,1.0,0.8647468244882726,1.0,-0.0717464200582399
-91.85896724142762,1.0,-0.6401284927901535,1.0,-0.2589693433853385
24.364920091234886,1.0,1.1325618453671848,1.0,-0.7904618563620421
-8.586177046760827,1.0,-1.6223328146053966,1.0,-0.6129256005582343
29.469006999754267,1.0,2.533312811702315,1.0,-0.3917743361147542
-26.295570198347026,1.0,-0.5056254207369437,1.0,-1.2423645097984748
20.63585783304682,1.0,3.3245545487433166,1.0,1.1214673458509308
31.919002004127314,1.0,2.524773929886877,1.0,0.8519692408129688
4.4763089314385205,1.0,0.7956104483175769,1.0,0.3075678986987013
15.271037655213332,1.0,-1.6238076776761732,1.0,-1.969198427543076
22.191849523172987,1.0,3.542281994263089,1.0,0.7780603591191552
-13.797398743337977,1.0,1.0293190672871841,1.0,1.0323325883759737
9.865157969715671,1.0,1.8777185407425154,1.0,-0.14585511326200679
-18.302795890279633,1.0,1.6800974798661157,1.0,0.16750748807729998
-17.233353824915792,1.0,2.2026832639941243,1.0,1.3948146057068695
7.508737160803892,1.0,1.3068556934707973,1.0,0.907689106040472
45.03365607763297,1.0,2.8239188334321104,1.0,1.2957588586590865
-11.9413057207451,1.0,3.4353043456616144,1.0,1.2567785169261305
18.886654518819565,1.0,0.6286477795698356,1.0,0.07288502581131284
92.75656480589107,1.0,1.807963105095411,1.0,-1.4957058186498653
21.924698780356433,1.0,2.491033652198425,1.0,-0.14573141996803282
6.528725770346703,1.0,0.05201032188074162,1.0,-1.761938189398827
-68.97674309825152,1.0,0.0026540607452238962,1.0,0.04464907108977514
36.157402678122686,1.0,2.519459408804077,1.0,0.35747888708240433
25.17689526191757,1.0,4.263020876128774,1.0,1.7000386769414673
-27.858015498177927,1.0,-0.8469304187004404,1.0,-0.7927741222244468
-7.752642700550605,1.0,-0.26095961976080195,1.0,-0.9412459512802052
53.272136838146594,1.0,2.366167089705879,1.0,0.1433541029798888
-10.947227135905214,1.0,0.6014971008452789,1.0,0.17958972355685665
13.073276962098593,1.0,2.310470118257824,1.0,0.5648250064908151
-30.678940505249287,1.0,-1.4611343544889013,1.0,-2.0640207874181606
-50.89736400301081,1.0,-2.7111389712861804,1.0,-1.4447506290984165
-8.54102648915406,1.0,1.1757098704182214,1.0,-0.10698233323686836
24.582858057039438,1.0,0.2665727570971827,1.0,-0.2914898168526513
14.162521983050432,1.0,1.1984204465034929,1.0,0.6770998096865306
-3.4111783183677558,1.0,2.194933333195238,1.0,1.7275746679034332
41.857976845628,1.0,1.2716922226947964,1.0,-0.021761213156355524
11.149735899312336,1.0,0.8618851542408256,1.0,0.5470667618120377
35.48053226931152,1.0,2.183363950116992,1.0,-0.11510504675478692
-17.09290477373297,1.0,2.4171589517726426,1.0,1.1793245685765528
-7.671330316563106,1.0,1.593318163761979,1.0,0.7899078139037035
87.23580495126036,1.0,2.189652727504091,1.0,-1.0431941107531268
-14.984831869017714,1.0,3.1638622973975257,1.0,2.2166167151124485
1.3235773920339948,1.0,2.610002024921987,1.0,0.11614840853012877
-38.59303123935214,1.0,-1.6509960316717338,1.0,-0.9695349287739194
27.450713389074874,1.0,-1.0702547589959441,1.0,-1.7648688939362929
17.151203332280822,1.0,2.0279501831716216,1.0,1.2198587315765608
-23.409590702249957,1.0,1.5124138198925288,1.0,0.42955496630194406
34.943746577581244,1.0,3.351019237868442,1.0,0.010716036116235674
23.069148038571445,1.0,-0.17009424083929753,1.0,-0.9174384310418595
51.234997730565844,1.0,4.848653672385911,1.0,1.9047172719842889
25.964856317598798,1.0,0.9502043118274053,1.0,1.3640419668245343
-7.060881308321056,1.0,2.32017470668489,1.0,1.35335397068624
-29.69414323906362,1.0,0.8136560466549336,1.0,-0.005402923562043357
-41.97715416022031,1.0,0.5055513151230986,1.0,0.3143604140258563
68.98151156610012,1.0,2.200506322092324,1.0,0.2090318548926012
-9.137190899354348,1.0,0.8259087864772852,1.0,1.0773371727267722
54.38887512182275,1.0,2.473755392683559,1.0,0.039336295671384774
22.83231015952903,1.0,0.36517342231990435,1.0,-1.3539712228382377
-30.896651277652257,1.0,-0.049726152742211926,1.0,0.2753216248630984
-4.16846561389954,1.0,0.3248733717606187,1.0,0.057835362750949804
-64.52627568125612,1.0,0.4811735380378449,1.0,0.4414989335957646
-7.035210767924287,1.0,0.6174918818975568,1.0,-1.0978403373521421
23.494697793959684,1.0,1.6687556702703434,1.0,0.5871819015465684
-19.556470220164616,1.0,0.9102217426016346,1.0,0.9930613931734787
-4.237088840700365,1.0,-0.04026290477534422,1.0,-0.221535047020118
32.200870886571025,1.0,-0.7573685036679644,1.0,-0.5242819746304993
67.568222483049,1.0,2.933365999233046,1.0,-0.6176338157984327
-11.905255734248318,1.0,2.1794009560709426,1.0,1.1416110675409694
-7.471169942135873,1.0,1.3449810568606162,1.0,-0.18559917093958125
62.891030979761396,1.0,2.2389525490646296,1.0,-0.19694567570250154
-104.6670781888175,1.0,-3.0206266846731,1.0,-1.7132385428452466
12.302357094923885,1.0,1.5792553770571949,1.0,0.9579144227486269
34.4819664973604,1.0,-0.23427058250578325,1.0,-1.2132284431489235
-6.685075335641604,1.0,-2.0108790701057395,1.0,-1.8809306512018946
-63.282296698385,1.0,-0.6273919895657112,1.0,-0.5410389534337989
-62.83139015844053,1.0,1.2598661561470923,1.0,1.0463998372727012
29.679633011698915,1.0,0.8810085787056516,1.0,-0.017236897114344136
-15.116041670251573,1.0,1.432764645807902,1.0,-0.16081722046613445
60.01244403280981,1.0,4.465929857271009,1.0,1.8558194199101619
31.117167477826726,1.0,1.7641680811815226,1.0,0.34005839129068216
-42.013938717424,1.0,1.3816256048525073,1.0,0.5306138999605658
-3.7472339382381485,1.0,0.9746415729485964,1.0,-0.33425813505377727
13.429660524108014,1.0,2.2714072947892694,1.0,0.884784401149972
8.140749675515998,1.0,1.4556329291776158,1.0,0.7474132350010618
-78.32533895185674,1.0,-1.4227277513024748,1.0,-0.5680518862650576
-1.0676027747286838,1.0,1.5739133747703011,1.0,-1.127875288151155
-19.74327515574221,1.0,0.2464045418229146,1.0,-0.3760711363768295
2.975642009442847,1.0,1.6085205229730308,1.0,-0.5314890075107879
15.034436868486459,1.0,-0.4396387857463271,1.0,-2.0534444566855172
24.553344652465714,1.0,1.4275851584719157,1.0,-0.4812405765442126
36.64394738418475,1.0,1.1368176355154678,1.0,-0.17238333842032222
-49.089757531709715,1.0,-0.5122230059586459,1.0,0.3388582599169657
-73.43736118224469,1.0,1.628451225454171,1.0,0.7326682083688377
-23.079673543856828,1.0,-0.38632035206913806,1.0,0.13979664078226747
71.84463554755521,1.0,3.5235886023274223,1.0,0.09511578488591661
20.210456855197737,1.0,-0.0580962087566701,1.0,-1.3888158430137085
46.07123095865123,1.0,2.374976415167848,1.0,-0.0847120522046701
-1.7112589640637579,1.0,0.034121226171497265,1.0,-0.6448001395381165
29.048979335859258,1.0,1.2837885804214453,1.0,-0.28437823532259504
4.194112408802455,1.0,-0.00814782968448155,1.0,-0.86026129243702
17.92230749304216,1.0,1.4903294424933922,1.0,-0.2922270701209891
-36.808817972501835,1.0,-0.6886506171317515,1.0,-0.9361575906615625
-4.233048090816508,1.0,2.1459553117422088,1.0,2.379597852355048
-48.53880693122679,1.0,0.6796113248246978,1.0,1.00291260860419
-38.84852623937968,1.0,-0.730913935197439,1.0,-0.8987760277297069
31.472775369218745,1.0,3.4760951134618168,1.0,1.0926610435670698
9.5639708330586,1.0,-0.10657442522515342,1.0,-1.1896764600842689
-50.32212391728403,1.0,1.2484037670254975,1.0,-1.3462551248181112
20.62837558625129,1.0,1.4669229351283875,1.0,-0.7495821159047565
17.743165348212194,1.0,1.6824794693334666,1.0,0.14600636457010138
30.564732245141876,1.0,1.391860374351315,1.0,-0.3900824769545637
-11.379010938763887,1.0,2.14275465670012,1.0,1.6003232416583026
35.5238277659365,1.0,1.4369123771936443,1.0,0.29165041780787127
66.41834616798724,1.0,3.6435355603639774,1.0,1.4502885166196944
-91.96603793018507,1.0,-2.824182545477566,1.0,-2.5705190269028897
5.863606193363216,1.0,-0.9541760764084468,1.0,-0.17534339097281998
45.18686445010679,1.0,4.97096094536528,1.0,2.9865008170248943
74.56315696233719,1.0,3.7279507613433305,1.0,0.010509178752316647
75.71218283552766,1.0,1.5032257888142764,1.0,-0.7542036090410562
5.755249110159158,1.0,1.7561963252679953,1.0,0.2812136337714108
-67.11245664071976,1.0,-1.7195622546929945,1.0,0.41754464601315006
-26.503564791352453,1.0,3.4350601546938755,1.0,1.9485047930992399
-18.796760337193394,1.0,1.1154937382775751,1.0,-0.2872220070026429
-14.614021137264018,1.0,-0.8337590102186817,1.0,-1.0375994324174203
-27.180342862512035,1.0,-0.14872014861807836,1.0,-0.31719382111756617
2.074705502634754,1.0,0.520667045876066,1.0,-0.8402551105930662
-21.12917512341053,1.0,1.5235703771501234,1.0,1.1107615511299114
-17.04358691297974,1.0,0.5825307316801537,1.0,-0.6300493664439506
-23.298918798475377,1.0,-0.17100341611277026,1.0,-0.4131112556746305
24.98172223194167,1.0,1.8766388743319486,1.0,1.0674753621222477
7.005877052600475,1.0,2.3019019708277186,1.0,1.496147797693818
31.66504564460431,1.0,3.345726986426827,1.0,1.5939652318108253
-46.560206058866925,1.0,-0.5953516452646332,1.0,-0.06869855297578645
-19.110146288931183,1.0,-0.43671498267928144,1.0,-1.6424003776336094
15.547534908266774,1.0,2.105163711781608,1.0,1.8658948948051668
33.50173298811768,1.0,1.7243565840475816,1.0,0.4584650747599369
32.04118859338392,1.0,2.348602320503315,1.0,0.45908922779261335
-3.4650900242472322,1.0,1.0093264062515084,1.0,-0.12631787333916247
74.63810241019867,1.0,3.0107485939505527,1.0,0.5061452922942541
21.957140100571458,1.0,2.2472132324867515,1.0,0.4442055296047335
71.755994622705,1.0,-0.3769860493870122,1.0,-1.6586192344978112
-12.738164744538437,1.0,1.1724967799778159,1.0,0.20667896835848462
-51.961493826176664,1.0,-0.4997334613365476,1.0,-0.3372466784972075
10.772844888727542,1.0,0.2715664293301223,1.0,-0.7561846675845358
61.658874926264154,1.0,3.1919155898756095,1.0,0.32514205026781245
-32.91413899976919,1.0,-0.9834721604907528,1.0,-0.9906422665272131
43.746100631528705,1.0,4.6823363146451324,1.0,1.1273452225734226
-30.330889429866502,1.0,-0.738140329126429,1.0,-0.06059870880887757
16.267411951897593,1.0,0.8195903756909418,1.0,-0.6339149498181169
65.3841821352845,1.0,-0.28591791602262806,1.0,-1.289229091253287
0.5820341962681042,1.0,2.1709482382126835,1.0,0.9282592243033692
-82.08715260843157,1.0,-1.6153518173444066,1.0,-1.5061340500668254
18.465963381787006,1.0,2.811506342222634,1.0,1.411204506023328
-43.29785423729495,1.0,-1.826058608966878,1.0,-0.35869463367870097
8.392056155860878,1.0,0.24314287360932418,1.0,0.06368218483220213
-14.946955591886987,1.0,0.8441938589923818,1.0,-1.0255956067995644
29.874067567772283,1.0,0.6609792749106957,1.0,-0.6570148687531614
-0.6379965933237286,1.0,0.023053459289275047,1.0,-0.9071653093128365
-12.994411722667586,1.0,-1.0893785794804502,1.0,-1.2850346752539012
-59.72930563181166,1.0,2.0484128071959486,1.0,1.49564500789183
-33.25764267849265,1.0,0.31122420300440357,1.0,-0.5716422205300371
14.613252733975296,1.0,1.4544630581440146,1.0,-0.6744545132295514
24.03652471265746,1.0,0.4736518931530336,1.0,-1.1464485922228715
45.64445690181816,1.0,3.5542742882629863,1.0,1.3077305308215628
8.3097720683426,1.0,3.0405919283020046,1.0,1.2971427133973406
-38.364492555086905,1.0,1.500231332505623,1.0,0.48334267825052024
1.7824172998080865,1.0,2.3141032451618218,1.0,0.8362251182132407
16.52694917100723,1.0,0.9547390117966575,1.0,-0.29130332621275945
-29.26724648978025,1.0,0.07397749190056652,1.0,-0.5594809792069543
-13.815797479970444,1.0,1.007913999962896,1.0,-0.3884178319455454
-39.77784237464112,1.0,-0.488209206525003,1.0,-0.6140215170642325
-21.89256912144125,1.0,-0.5217343882689893,1.0,-0.02243300670050402
15.169738652836752,1.0,-0.7409611016986637,1.0,-1.691013118507905
22.824212333924486,1.0,1.611934168899664,1.0,0.13041606209158893
13.736913667123316,1.0,2.047925977471875,1.0,1.170958359850223
43.162251338149446,1.0,4.349800340165365,1.0,1.3563123499891125
-37.81003757055158,1.0,0.01076471328185026,1.0,-1.0267194350983158
-25.28338514454684,1.0,0.3981849945147954,1.0,-0.05754570719061936
24.65449684569281,1.0,1.976794737662389,1.0,1.1629316626933712
-32.97907340923608,1.0,1.0304802218823255,1.0,0.5121647225585125
-42.5482003324358,1.0,-0.10615109495275621,1.0,-0.3482355717723544
-15.175062899559158,1.0,0.3100834154287839,1.0,0.2931386404239982
49.24819215909666,1.0,2.109964646501046,1.0,-0.6976903311280808
-9.775922993058158,1.0,0.9286568665813463,1.0,-1.0297235271111311
-11.185821592610642,1.0,1.051783870874842,1.0,-0.7349954185641302
6.9061868648559805,1.0,2.2619639989439007,1.0,0.28272974799012535
61.74349655132678,1.0,1.8168726347734512,1.0,-0.3240333478760151
31.613976429736265,1.0,2.739360326307459,1.0,1.096723819278286
10.436849240161198,1.0,2.543610748264737,1.0,-0.1228181723618646
50.02214205089419,1.0,1.163101136702258,1.0,-0.8205081346398465
24.742525133097338,1.0,3.3090988109130635,1.0,1.699222870793252
-56.60263179991251,1.0,-0.8805549195195503,1.0,-0.9837507451832896
66.6008653564214,1.0,3.438135323158386,1.0,0.23491146213611794
-60.208683703021904,1.0,-1.141635728573874,1.0,-1.5809144507426263
13.68546692459378,1.0,2.5621162643593247,1.0,0.21314656510387822
-67.52507376072319,1.0,-0.7076965841985006,1.0,-1.7009325340796542
-24.888589402457512,1.0,1.8569799430607965,1.0,1.2357017459575619
32.28981512187141,1.0,1.614992443515503,1.0,0.4859566841148915
18.104601195201614,1.0,1.5163987857638634,1.0,0.7557063027034298
-9.784606219986467,1.0,0.44941638329109307,1.0,-0.8336906000439066
-21.59454562272832,1.0,-0.13176229518077343,1.0,-0.5368796098807623
11.489737778336679,1.0,0.9060484038292775,1.0,0.3574000522374508
22.03315906713511,1.0,3.1298026644615264,1.0,0.934551082405306
12.848985410113423,1.0,1.5630897589366384,1.0,-0.20290703166397717
-1.3922915275647694,1.0,-0.6542630172826541,1.0,-2.486789625370937
-49.60350722105213,1.0,-0.09380432387480298,1.0,-0.17308816732493734
32.802228669451395,1.0,2.404461192780115,1.0,1.3306740063644538
-15.337016038660309,1.0,2.9665225214269717,1.0,2.127124743749939
-18.923196375747583,1.0,1.5708429580900538,1.0,0.9533793516156586
-33.034740552451794,1.0,0.798962443207665,1.0,0.3869642105236737
-8.470903200316492,1.0,2.289524551197167,1.0,0.7115839970475641
17.262370263872835,1.0,2.281308289228662,1.0,0.9382241376501973
-28.24304928774854,1.0,0.7703669845746886,1.0,0.2604444065747031
29.661314137935424,1.0,0.9278175624246284,1.0,0.5237840221094251
45.71975771341775,1.0,2.71554758132477,1.0,1.017252291143938
-9.381228160121598,1.0,0.574988291024905,1.0,-0.5365860749813812
-35.053327698328,1.0,-0.4298837636494015,1.0,-0.023335875419286445
-20.15761685377082,1.0,-1.3197535966052194,1.0,-1.042928626356574
38.633905346094274,1.0,2.2260457316760482,1.0,1.1503849038960916
47.64005591381121,1.0,2.4842694655882975,1.0,0.6126227272002256
70.73711371453419,1.0,1.9389157395244938,1.0,-0.021005980973091802
-17.948681939844324,1.0,-0.6031932548683095,1.0,-0.6168283057425125
5.456332332802984,1.0,-0.526180774754916,1.0,-1.3306954221550162
-1.465545963263128,1.0,-0.3273601828185625,1.0,-1.743564736831631
0.01714775984462591,1.0,3.087807131831447,1.0,1.5659831245614269
15.98500712319483,1.0,-0.9102778065580668,1.0,-0.19085275757148512
33.84269399313946,1.0,1.4354620787511145,1.0,0.15980679386080174
7.724121675249003,1.0,-0.8168566303055722,1.0,-1.5085333877879352
-65.1068020287367,1.0,0.4416155260600707,1.0,0.9321101288265589
41.75205123063169,1.0,-0.578221821139514,1.0,-1.6136144667110122
-18.215839458599024,1.0,-0.8572720486045833,1.0,-0.35862478410235993
13.765782739461244,1.0,-0.46658254102141505,1.0,-0.5111036496836421
123.30624193154998,1.0,2.2664392628837025,1.0,-0.8750395859344493
-49.02770205046497,1.0,-0.8740004445932545,1.0,-1.1018479436891504
32.57346397075201,1.0,0.2555957792469934,1.0,-0.43579650346640436
-33.216651816826776,1.0,-0.05725974011921553,1.0,-0.017562314332383172
45.167370248700145,1.0,2.2771588221709727,1.0,0.5505255856221601
35.35943166144497,1.0,1.9606313708412082,1.0,0.025682636342647683
-48.464706113431596,1.0,1.3009003133211428,1.0,0.9065694769171101
-3.7956578571277317,1.0,0.9698553414618183,1.0,-0.2118212518955836
-40.308798213345895,1.0,0.3510729702567017,1.0,0.3814497503211293
2.599402269586287,1.0,2.6195655392753645,1.0,0.698357481833198
52.18348304033612,1.0,1.2107142748968174,1.0,-1.3482051189440487
34.15109257586655,1.0,1.7992352507392324,1.0,0.33071662264249135
-1.3756620115463196,1.0,-2.239084760099499,1.0,-2.197723428734517
26.043831947751805,1.0,1.7844764155551882,1.0,0.4872224499397348
-13.089592256391423,1.0,3.4336114204781425,1.0,1.5388270998010565
16.48348432038917,1.0,1.3791486743827095,1.0,-0.5411275041410801
-26.77106878597049,1.0,-0.5931233474558406,1.0,-1.3293961362288156
63.484128116151105,1.0,2.484038444623934,1.0,-0.8476377152709279
31.856417589892022,1.0,2.21332962370529,1.0,1.3294193461203987
-42.26358163875938,1.0,-0.4085264452934235,1.0,-0.5552968881896027
-2.5345570819390715,1.0,0.9664795308604177,1.0,-0.6049552129657368
32.01095009466521,1.0,2.363375453810197,1.0,1.1579036163373317
32.86429823895721,1.0,2.2644247112168476,1.0,0.9602074710712114
-41.31645615504079,1.0,-0.756326761606214,1.0,-1.1565481926540457
-21.996735295547943,1.0,-0.5964161665730457,1.0,-1.2964765975363375
34.04510883133587,1.0,1.5598518718400705,1.0,-0.029678360944233664
-65.40554605468202,1.0,0.9836495693901013,1.0,1.1837420406025072
-61.61723010484056,1.0,0.758609829067139,1.0,0.9721395106398394
27.054688747080785,1.0,0.8761114673965156,1.0,-0.46305858802209066
-25.979399981560174,1.0,-1.1199767615862155,1.0,-0.5325924101017905
-23.371541900168367,1.0,0.5494837019502208,1.0,0.6848318944368795
19.15196905487165,1.0,3.7702000107579607,1.0,2.2435617564187615
13.4405178878981,1.0,2.4777966345098807,1.0,2.025535309378067
-6.910344463660916,1.0,2.2608131226094956,1.0,0.7320766971026785
62.85934746971829,1.0,3.0507750272191303,1.0,1.036695203588973
74.79242395649788,1.0,2.0391568426422366,1.0,-0.5275725467271523
38.50899395411045,1.0,2.2073687568102036,1.0,0.9184422442691196
-37.44689344991478,1.0,-0.05401152515349483,1.0,-0.45600058363373486
13.353835486181309,1.0,-1.0329598214386282,1.0,-2.7004121476440823
6.628322645435867,1.0,0.7141686045958464,1.0,0.183653820561161
-52.003604509164184,1.0,0.08385886838970144,1.0,-1.0922542992539608
41.40503609979791,1.0,-0.14041539700906558,1.0,-1.8295077097336991
-27.03041504599168,1.0,-1.4011771894048086,1.0,-1.3807238045475723
31.933253479372567,1.0,2.385473370736003,1.0,1.3829276851043937
16.479960790108606,1.0,2.644286414441742,1.0,1.1533007962839945
-1.9327854290442064,1.0,1.632287437768254,1.0,0.5495046609479685
-78.37036804139446,1.0,0.9878168142068215,1.0,1.0235360190362592
57.737130187164155,1.0,3.1336779518196973,1.0,0.7821650283959675
9.659046432151296,1.0,0.06370450038165032,1.0,0.4482970411090309
9.526854363377103,1.0,0.280380249382325,1.0,-0.5137080803128835
-24.885684169470125,1.0,2.1151636011844133,1.0,0.48638504817033734
-8.27099797209252,1.0,-1.1868082430287517,1.0,-1.636281723101699
-35.55715774032129,1.0,1.0028552561967605,1.0,0.29507775666835584
8.269542492215184,1.0,-1.0751738190291156,1.0,-1.7949467008549933
-10.181926618827259,1.0,2.710651131190738,1.0,1.5202320084713337
3.7892996422003113,1.0,1.0564084543379564,1.0,0.6356694388658832
-35.91640687991995,1.0,-0.32637954148221415,1.0,-1.1530840043145123
-13.50145923809771,1.0,2.4204973368074594,1.0,0.2770301093400696
-12.621350448804284,1.0,0.5889357983983927,1.0,-0.5579827160414427
-51.2028428041985,1.0,-1.8707189597434093,1.0,-1.3737508833104268
16.146085096889337,1.0,0.13998228199303508,1.0,-0.3740839923286675
-5.576769728350454,1.0,1.0642557033181805,1.0,-0.5715176442520036
-39.58969413816049,1.0,-1.6204973248156096,1.0,-1.354186062236767
10.861238231255058,1.0,0.6940139173756312,1.0,-0.8925065402797124
-39.38369175992821,1.0,-0.3225600037088442,1.0,-0.6847613066795498
-0.2326767957448459,1.0,0.05901706711991664,1.0,-1.1033059275259562
-6.047935906403807,1.0,1.6181491443427718,1.0,0.8134258219873858
-3.2066836403031456,1.0,2.265063136426206,1.0,0.4625253187366655
-56.995010422872866,1.0,-1.2415366677487532,1.0,-0.017644778649740612
-10.424560328334003,1.0,-0.9454597205288147,1.0,-1.5148147565528443
34.16464053980135,1.0,1.6667785598976963,1.0,0.30218780982267784
26.820635252522592,1.0,1.474723688406899,1.0,0.3473978476014202
-23.9523894347176,1.0,0.17314061473424042,1.0,-0.4405081121197407
38.78655461655926,1.0,0.597880053081894,1.0,-0.8145828224353872
-34.528705565516944,1.0,0.14966376807078918,1.0,0.042915183461431305
56.884873692638436,1.0,2.0023964247269195,1.0,-0.5383013231826865
50.911088021865886,1.0,2.3451797167792607,1.0,-0.2426556886793002
-42.117631695170665,1.0,2.148039162709133,1.0,1.8291767134154027
47.40361567301505,1.0,3.5929594761793235,1.0,1.7173618083024096
-15.426716415606021,1.0,-0.4446212381907444,1.0,-0.9268684709884917
-6.941231431900685,1.0,2.6184142210919146,1.0,2.407324068533769
-20.96310698897559,1.0,1.625945976972158,1.0,1.239220183176295
11.847294291173522,1.0,1.5174246708327561,1.0,0.2593083196233436
-9.051905377099384,1.0,1.586621465932812,1.0,0.3706206633758127
-40.32458289822058,1.0,0.45093824516103687,1.0,0.09023841953292808
42.61530831597544,1.0,4.038279000034558,1.0,1.1056174975519018
-14.99409697146309,1.0,-0.10355957939687216,1.0,-1.2754862741587496
76.92298166482504,1.0,2.4536078608373706,1.0,-0.48816663525192505
48.410084483182644,1.0,1.6092157755698482,1.0,0.17000114252419357
37.6000657306572,1.0,0.7598693711708091,1.0,-0.6840446821665873
-1.9374549473805383,1.0,1.8686717824885486,1.0,1.2878964542172087
20.082862316322338,1.0,-0.49996848470953187,1.0,-1.5286729285695846
-41.710566584722365,1.0,-0.7768100700319518,1.0,0.28571191789269373
-32.66175617518166,1.0,-0.27375795131451697,1.0,0.07585863246440722
-14.97076488332035,1.0,-0.016007285086046083,1.0,-0.9066147390692609
9.85306482078559,1.0,2.9400057234877246,1.0,1.8565080753871528
52.23186957046044,1.0,2.562597904084776,1.0,1.1216362643524564
-30.01116488417776,1.0,1.810552115802999,1.0,0.36616195814330826
-31.112504511133903,1.0,1.1565157412714637,1.0,1.2875507383313802
-1.7858209651953303,1.0,-0.579100170584711,1.0,-0.4574979437708175
37.79972796733125,1.0,1.453084363378153,1.0,-1.15310965615522
-80.01184934275983,1.0,-1.5158070159417942,1.0,-0.9394298181050965
34.77188731708194,1.0,2.4207047748912185,1.0,0.4090904184722567
36.1944405768504,1.0,4.131812777509367,1.0,1.0305530490454975
23.147126527250656,1.0,1.8338142812013458,1.0,0.1051274556180261
29.596593038074154,1.0,0.44043842076343165,1.0,-0.40159979093724746
41.32039318005201,1.0,2.3425953499741947,1.0,0.2609618040457694
23.84221621735811,1.0,-0.7246839212769093,1.0,-1.1780511315858906
15.054639529311194,1.0,2.1391837478555074,1.0,-0.1557051469884883
21.53370506867995,1.0,1.6786128344985272,1.0,0.25163183221676166
18.081819130234777,1.0,-1.481157401741389,1.0,-0.32101365485116184
16.117174307017642,1.0,1.8842414506293652,1.0,0.9803872062763356
-11.641007829694317,1.0,1.421935187393164,1.0,1.0059451176089718
-12.843831569461777,1.0,1.1034330183496976,1.0,1.313990751672252
-14.162290899612547,1.0,2.290150900716199,1.0,0.3819375091423043
-2.0005576487167147,1.0,0.886736073114931,1.0,-0.419184448184533
11.186116496473016,1.0,3.092735395888572,1.0,1.6563047035655138
-1.5830687090536104,1.0,1.7864257053264954,1.0,0.5045197005237667
10.578158764828089,1.0,1.6358655507380937,1.0,0.8449435139911748
27.305583077772006,1.0,1.5797683671572191,1.0,0.6470414078271419
0.1975396466365611,1.0,1.6627060928899016,1.0,0.45311967208569814
-10.28958329073886,1.0,0.2608110420099595,1.0,-0.11187937970094307
16.211412772100097,1.0,1.5394393429892053,1.0,0.039771340037004124
-76.2822771826691,1.0,-0.053490353232138244,1.0,0.8647595968533408
-5.675776804751354,1.0,-0.010202882833768245,1.0,-0.47030212425427587
-1.2502780704390197,1.0,0.5368693855547851,1.0,-0.1827462275473025
14.772700861852687,1.0,3.2921829739170465,1.0,0.8000160850455607
85.34596676854507,1.0,4.5069944459746605,1.0,1.1115591589246918
-12.138467327461628,1.0,1.2380850202792673,1.0,0.40297711607699443
37.17357246592987,1.0,4.024924236330536,1.0,2.4816736785722013
-67.44696227166267,1.0,-0.04186404939829824,1.0,-0.10217924832986892
-37.609732239280724,1.0,-0.4411517235446998,1.0,-0.6176042622436339
-44.36229827443143,1.0,1.6300951538195152,1.0,0.9034273354271211
-43.158071030195075,1.0,1.790446812462145,1.0,1.1124695677321585
-7.520219662054123,1.0,2.3936370343099638,1.0,0.31907015652721227
-15.86854837365226,1.0,0.7413793077156561,1.0,0.02542036611256771
32.862540917947285,1.0,2.0263577673874926,1.0,0.3936473453088091
32.71913854220336,1.0,-0.3085554145089992,1.0,-1.6208604029118767
4.914395453759969,1.0,0.5418729426006388,1.0,0.34622984497013903
39.29398178755579,1.0,1.6420184748117301,1.0,-0.811628427630973
58.94339858989609,1.0,2.578852343242575,1.0,-0.13695953865854726
41.15851643606747,1.0,4.163336597499293,1.0,1.7774855248813006
-8.848584435124474,1.0,0.23401003374249746,1.0,-0.3795934936142001
8.152798490750085,1.0,0.4833030041769264,1.0,-0.4992885354159138
16.821817207975155,1.0,-0.1579177137300447,1.0,-1.468670713938375
-2.607599086358461,1.0,0.26877551963284385,1.0,-0.12282906149336295
0.23234269880251723,1.0,2.027966486604634,1.0,0.4783067760981369
-31.64711550868179,1.0,-1.2277731740241005,1.0,-1.7411167801414058
-33.675440595911276,1.0,0.21036248930989843,1.0,-0.3808748333605727
45.06780613902057,1.0,4.027924024159145,1.0,1.6790646400416833
-25.4870313330645,1.0,2.7478234801677544,1.0,0.9126722056427912
11.575442781791981,1.0,-1.039668334181825,1.0,-1.9054765266048292
-28.589842717266624,1.0,0.6767112825289072,1.0,0.0564552966466965
-25.365350617048794,1.0,0.9411267513214057,1.0,0.004190251254947156
41.34276464068381,1.0,1.6459434340638002,1.0,-0.35677986567325654
18.309665051067164,1.0,2.2675571336482294,1.0,1.0451755533680283
6.860041710901132,1.0,0.9248402068815298,1.0,-1.2165879509519797
38.160586681565626,1.0,1.688378326674879,1.0,-0.5241301807388921
60.62120429303959,1.0,2.371084578489723,1.0,-0.7310493775082003
58.71521798470102,1.0,1.9934692591045475,1.0,-0.7279702946158946
26.401116906437156,1.0,0.8865121141854596,1.0,-0.9412255210517396
-19.852148025414635,1.0,-0.2538040765976308,1.0,-0.5844641096109032
-4.840921142980973,1.0,0.8535878799279479,1.0,-0.4036711200569008
25.361301166570033,1.0,2.2908860806566476,1.0,-0.1565439978249228
1.5086618405956385,1.0,2.1568557065553002,1.0,1.0365963876264128
6.639670117874756,1.0,1.6658703099378496,1.0,0.5371859967266436
-14.39699836694146,1.0,3.369366751384579,1.0,1.9129206791257358
-3.4724921084765787,1.0,0.5629908052231114,1.0,-0.10174907887455159
-28.31533935195317,1.0,-3.142897220697419,1.0,-2.4536674793467697
26.301828868440982,1.0,0.5140279874362316,1.0,-1.0961591030854505
26.624579861474633,1.0,0.8252578169528071,1.0,-0.5556049322317789
-2.196102416362878,1.0,0.24321774342165536,1.0,0.252794165297021
38.47236974456344,1.0,2.7870861135003437,1.0,0.679079323580585
-1.376233147667794,1.0,1.2205559758747808,1.0,-0.553177818785892
-51.74442695746811,1.0,-2.5730663275487924,1.0,-0.8383590338414348
-4.371828833649853,1.0,0.14107835803343294,1.0,0.43257675052367855
1.9502543451838203,1.0,2.848591456909369,1.0,0.8172461546427304
22.504396566109406,1.0,0.3754683518741886,1.0,-0.6685333071064605
-6.589634934606692,1.0,0.5369465027625914,1.0,-0.020340838317440234
52.64856599629547,1.0,3.602190108101005,1.0,1.1598199725160947
52.694073044282945,1.0,1.988680839700541,1.0,-0.8333152883455698
-27.30567913346018,1.0,0.2580451586408287,1.0,-0.6637269441434525
-7.95957793541664,1.0,-0.898417806017256,1.0,-1.290261657421607
-10.391791393487454,1.0,-0.3146426819472239,1.0,-0.6234681569271123
10.457461233674753,1.0,1.9681812585789253,1.0,0.1707262529917909
-63.14662060536931,1.0,1.1784168030057318,1.0,1.9301327453526085
37.21480322134758,1.0,3.1918791991025377,1.0,1.1821981188696782
39.0963235140524,1.0,1.3719206228001193,1.0,-0.5580241014144445
-12.205332586090186,1.0,1.218995389958247,1.0,0.346185304166767
-15.05947972427933,1.0,-0.6721908639360992,1.0,-0.6207734447168349
27.02732016009179,1.0,-0.6216159778202326,1.0,-1.3061296164591965
-38.093835230128484,1.0,-1.2586677685029337,1.0,-1.8694370407901069
16.345732927689248,1.0,3.024310852005745,1.0,0.9876514172627329
-19.842593836841193,1.0,-0.2838633160908045,1.0,-0.7819833222110302
2.4609194998509576,1.0,1.588918111123865,1.0,0.8214660069134024
-35.55192401355934,1.0,-1.320544398536013,1.0,-1.096410541855655
17.60121239721227,1.0,3.10457710283179,1.0,1.74696906026604
-37.71928825913522,1.0,1.6754180570699275,1.0,1.4890380557129634
86.85945148546779,1.0,2.2271295911552724,1.0,-1.010438371030368
-41.00240922991628,1.0,-1.8319669511876402,1.0,-1.5552365178010845
18.15156467146427,1.0,2.9195560177278495,1.0,0.671071226927942
28.458898053052174,1.0,0.3599141527969473,1.0,-0.7818520571403262
-67.97186655679184,1.0,-1.7676836281171866,1.0,-0.5881326495272057
-16.522872702968435,1.0,-0.8002204352984246,1.0,-0.2488029515058043
35.323408910399635,1.0,2.431918763671116,1.0,1.2131402765389374
-29.615028231347573,1.0,0.4368408326000246,1.0,1.3610584658396196
0.7261394111690096,1.0,0.5159624645305996,1.0,0.14585510333760457
30.965199062915026,1.0,2.6422164441712415,1.0,1.6584467141596093
16.857854805936924,1.0,2.624088457655657,1.0,0.8292403357094847
-50.88818092926601,1.0,-0.4865477074185116,1.0,-0.4383085572194767
-3.9970345681403705,1.0,1.6181077410838074,1.0,0.4082621456703421
-69.01524040946646,1.0,-0.6248900619963589,1.0,0.2709524689425552
3.3709523371631,1.0,2.3153637855553466,1.0,0.3665859625048784
4.478899132033948,1.0,0.8664895377839545,1.0,-0.4782171262741876
-36.922154626476,1.0,-0.8779566230201084,1.0,0.12753018689126588
25.22908543367123,1.0,1.7040056932884051,1.0,-0.37661518819983736
-10.258492424011807,1.0,0.29566776596312067,1.0,-0.67342274819788
26.581730727873286,1.0,2.02919797562894,1.0,1.247154357313065
-9.502998576653493,1.0,1.2776813718991238,1.0,-0.982838754145138
4.998411108246536,1.0,0.8761515117740506,1.0,0.2180115723679929
9.758228840542868,1.0,0.7150984108604284,1.0,-0.4017257670213599
17.547600932739716,1.0,1.210350613081244,1.0,0.6917613228352686
62.73534308465665,1.0,1.8136410983465718,1.0,-0.402287310965722
-2.0316354301346164,1.0,1.4826202517537341,1.0,0.3424355622456763
17.438286016450842,1.0,2.366011987010109,1.0,0.7806036567961664
20.024201758769557,1.0,4.43685905835204,1.0,2.1532319102675976
-25.976573962341035,1.0,-0.12420114908883084,1.0,0.4214754943667986
-5.230176655937074,1.0,0.9215741671264519,1.0,0.7871600409762441
-51.2196778547036,1.0,1.5416328191855433,1.0,1.0138368330354546
-47.599918935482016,1.0,-0.23509292134602244,1.0,-0.1427593567951308
-6.79528904263759,1.0,-0.25113992890293246,1.0,-0.2689547112730998
-54.09432709340253,1.0,-0.5258783897055423,1.0,0.21287363187540823
-3.4745789718684605,1.0,0.5512683689258058,1.0,0.17099586426431604
63.92648490238297,1.0,2.4397917261439472,1.0,1.1594330571720015
58.64523287104168,1.0,2.6328303595760394,1.0,1.1156609447694446
7.991561012632424,1.0,-0.30680778203455183,1.0,-0.5370382245621526
41.29563513971716,1.0,0.9702922675754887,1.0,-0.26897846291435273
31.24124725879564,1.0,3.3327683752859274,1.0,1.124069815441869
-71.22142940432123,1.0,-1.299675015188842,1.0,-0.08877209273709473
10.0035364735742,1.0,-0.11571249631174219,1.0,-0.4386033803680896
-83.82281836860302,1.0,-1.5166913143980947,1.0,0.3493474162234522
-19.75282019716376,1.0,0.07003027420159946,1.0,0.7478742374057993
13.479081013597614,1.0,-1.2489766788362624,1.0,-0.966102261050916
33.60019169876512,1.0,2.967119514906236,1.0,0.7847761786533508
62.81066938141401,1.0,0.9367111125957975,1.0,-1.0335220960085194
-2.8408853916020975,1.0,0.226079518917461,1.0,-0.7804629521974477
-52.324336980325974,1.0,-0.39731038187664236,1.0,0.18069371368754447
-5.964289772199413,1.0,0.5206677537410664,1.0,-0.27049399021642456
32.31497895804512,1.0,1.6572352126807646,1.0,0.23605531497456053
39.20516842533527,1.0,1.173970278410043,1.0,-0.07283541937959824
-60.38055861011748,1.0,-3.6827772168442308,1.0,-2.999847582747208
-35.6531318614433,1.0,0.018113420103007136,1.0,-0.8588917703277664
78.86221020944618,1.0,5.017158423941758,1.0,1.8114361003985464
-7.721253161636943,1.0,1.764949422485692,1.0,0.5148808865162774
-38.688945360752044,1.0,-0.18547077019033953,1.0,-0.779967935289882
-73.67720848782143,1.0,0.30269863166931643,1.0,-0.11833179865420167
-32.92636005281067,1.0,0.5879997847876834,1.0,0.22139424151765674
7.267040983107287,1.0,0.38250861630428135,1.0,-0.9660810159331861
43.10376055835605,1.0,2.014897585431224,1.0,-0.05881978351726431
-9.456697123427823,1.0,2.0643598385811273,1.0,1.8333650670801858
132.8109899763487,1.0,5.806510647582698,1.0,1.7234688663495443
-42.4065723801011,1.0,-1.032358456220976,1.0,-1.4070077877027893
-84.58955599875198,1.0,-3.1232115059847154,1.0,-2.995582237278558
67.47030168729142,1.0,2.9528133933584786,1.0,0.8132126816665592
16.068810636820025,1.0,-1.522107337282786,1.0,-2.188954931649283
30.22309044690737,1.0,0.14267560246796251,1.0,0.6251429511554006
-52.65804863146339,1.0,-0.9789273084160461,1.0,-1.049654385233183
-12.13689630575396,1.0,1.3953036287201355,1.0,0.030036386466858137
-7.90304927279394,1.0,0.38418670785090014,1.0,0.027807470080292714
-31.192890935782266,1.0,2.02514192404665,1.0,0.5280054566226996
-22.85999057073417,1.0,0.33988839442676777,1.0,0.3158121003574083
-51.03019426574004,1.0,-0.7442121204194299,1.0,-0.4719758017226994
-13.775743411038416,1.0,1.3572535486816277,1.0,-0.16271642773537243
23.490981893881816,1.0,0.6091076344954139,1.0,-0.5055904207683916
-13.523706721992374,1.0,1.01160335120763,1.0,0.39758940858653824
24.432070096505953,1.0,1.7457176212699261,1.0,0.060629435411479415
-21.41730957135739,1.0,0.6768663558948551,1.0,-0.048420165716680216
-41.5596415686586,1.0,0.9594248716018234,1.0,0.2505267388234566
71.56216406850255,1.0,1.5420742358997062,1.0,-1.0382381150302593
26.312174255726525,1.0,2.7468678577735504,1.0,1.5095726159425777
-39.75105547185797,1.0,1.0536144035959625,1.0,1.5945227956995198
-20.21218742171896,1.0,1.4303207568610956,1.0,1.2794394728274998
57.222953978766625,1.0,1.1618271171060552,1.0,0.061957899974550264
-59.31474638184897,1.0,1.1999917445832189,1.0,0.6184224143830316
29.381145452488596,1.0,3.361454136771881,1.0,1.135798369388905
-41.67622277069259,1.0,0.2781773874491136,1.0,0.24859885168027387
86.33137964489228,1.0,3.6215269638920002,1.0,1.2301114655980914
25.597627555389444,1.0,0.9254671503279279,1.0,0.3078805587935403
40.23849240704787,1.0,1.0296555321640237,1.0,0.01949297945990664
-11.304994333469736,1.0,0.6112580259889262,1.0,-0.627874570832395
56.78249143912346,1.0,2.0504239964852387,1.0,0.43076925494316415
17.726121812973993,1.0,2.6976707002079,1.0,0.7953965000809942
14.8189885673711,1.0,0.19226872089031888,1.0,-0.7107689814299024
76.01446711611541,1.0,3.6789743576580385,1.0,1.0962480029026378
-72.65926071037823,1.0,-0.17017524652254878,1.0,-1.295060594721732
-29.811396912983074,1.0,1.095371439949579,1.0,0.34930490763078875
79.39687735208244,1.0,1.5587726698704465,1.0,-0.27241170750542937
7.042300661097652,1.0,0.3025130322710914,1.0,-0.9552953996101828
19.943606427068293,1.0,1.1596336635228603,1.0,-1.4749823859701738
38.108842060698976,1.0,2.163338556360512,1.0,-0.25115779187407644
63.92425941444269,1.0,1.6168833388208292,1.0,-0.1280910919649539
21.028296016014068,1.0,0.816740097375777,1.0,0.060487193385249216
18.938853800972723,1.0,2.5126166003970782,1.0,0.6387675249934467
-21.036003465317126,1.0,-0.9273231145431866,1.0,-0.04356784550280858
-31.56313348611882,1.0,-0.4345602912165971,1.0,-0.04453475568282995
22.380936018021423,1.0,0.4314765837366943,1.0,0.4412492171219281
-64.53173869574061,1.0,0.2824618666225913,1.0,-0.05728211678766516
16.988699136359497,1.0,0.8423908334663998,1.0,0.4265146615232999
-9.897950648950538,1.0,2.482558240467695,1.0,0.8924623062342474
-45.85067996644218,1.0,0.13953295368493945,1.0,0.7667258758409347
-11.464147505440787,1.0,0.5723257651499878,1.0,0.2142496292903384
-11.611227684648807,1.0,0.929185203435795,1.0,0.9483603046818504
49.02304686294681,1.0,2.5516965192330634,1.0,0.4506871932179124
-47.27554212993438,1.0,0.9035798477094157,1.0,0.3621756756000058
33.49343119839311,1.0,2.9456731464722177,1.0,0.45294624177410864
-4.209205132535123,1.0,1.309250961265239,1.0,0.504526040322824
36.20353548177952,1.0,0.8954431731490609,1.0,-1.6865354050953976
-9.56971532533634,1.0,-1.724229560300052,1.0,-1.8814449323700961
-20.137008738208102,1.0,0.8473383841644508,1.0,-0.06837215224473046
19.26555187611663,1.0,1.3097258532657288,1.0,0.36389567063966965
-9.109276217393482,1.0,2.2140850996920975,1.0,1.0805589425885365
10.505651191427976,1.0,1.7689803612356438,1.0,0.8319737092873609
13.256421705147485,1.0,1.0305412762416506,1.0,0.32349120093286865
35.980365684708616,1.0,0.7628594797979763,1.0,-0.5261021685907035
-41.01266746009898,1.0,1.0719739349985353,1.0,0.1426599158780645
4.8033146092152235,1.0,-1.0695383856032223,1.0,-2.114422429230498
97.1501768051518,1.0,2.444917234170806,1.0,-0.6053844322309181
-63.49478949700896,1.0,-0.014627592182425153,1.0,-0.33247560763322903
94.81759912167024,1.0,4.197681808731397,1.0,0.8427222745897629
-5.568839518393698,1.0,1.1021479770554077,1.0,0.8902346739934216
-64.72353300861307,1.0,2.4394586415992014,1.0,1.1862046039877134
-25.238064325673545,1.0,-0.003279933808705282,1.0,0.0064755492173955735
-45.25892745644032,1.0,-0.1674202936550009,1.0,-0.9304462916165971
45.68806911282534,1.0,3.2577028543544415,1.0,2.172555574614099
12.011471719887446,1.0,0.01678657305805198,1.0,-0.26137692871259927
-5.535970472085509,1.0,-0.6947816243035128,1.0,-2.228140987995335
25.6680173547737,1.0,2.330046469595199,1.0,0.7097753928998629
26.425423061510408,1.0,2.2837449037369084,1.0,-0.152632609326266
28.56347762789656,1.0,0.5769544863804738,1.0,-1.00402809943416
61.118130089999134,1.0,0.7748785677494221,1.0,-1.2470734060615942
-0.5369814750852497,1.0,0.580083518981412,1.0,-0.793800484288542
86.18734945637043,1.0,2.544630702726977,1.0,-0.3385091296878933
-35.53325651412249,1.0,-0.23908886120543665,1.0,-1.1296130624519702
0.5683267668243435,1.0,0.6417339964300091,1.0,-0.3200009529049685
-13.627832012683893,1.0,1.071227258998263,1.0,0.08522045889244798
8.134652004885071,1.0,0.3169278216372634,1.0,-0.9585381069273197
-17.855745183269672,1.0,0.3293778380622041,1.0,-0.18613476266052664
23.86853818907983,1.0,2.4055844854565134,1.0,1.2259719104231872
8.082110481535311,1.0,0.3504290309147745,1.0,-1.3510530979257631
-79.74852816162732,1.0,-2.2766973203271315,1.0,-1.4977049299951608
22.750014355837305,1.0,1.000827254241729,1.0,0.19380289531418846
-28.198599563842215,1.0,1.9558991669643575,1.0,1.6187071969987055
-101.37316573273834,1.0,-1.673176639131638,1.0,-0.16515469089368173
44.60935603878185,1.0,2.0779188777327744,1.0,0.2808356584189592
-77.4268608058415,1.0,-1.415225022484306,1.0,0.8567752678836658
-3.0421485681015703,1.0,0.48108043433831693,1.0,-1.4697374870771165
-32.38173583053293,1.0,2.352341192389061,1.0,2.1284788510633725
-7.375183466029745,1.0,1.682035341535912,1.0,1.0245547173746827
-14.55841850752484,1.0,1.335196827675161,1.0,0.42038483667830107
10.82291923588533,1.0,-0.9049704526708542,1.0,-1.867427153899859
2.5240308730305134,1.0,0.807416831479022,1.0,-0.5012979827891255
-42.02596194171378,1.0,-0.8757525320272193,1.0,-1.6569466606342804
48.65499842019497,1.0,2.683174255373796,1.0,1.4480876629002024
4.1657736628683635,1.0,3.435440246603854,1.0,2.2858770866498306
59.92640403275295,1.0,1.2469814716799044,1.0,-1.4480332578455357
-1.0332293934445884,1.0,1.6346685812632593,1.0,0.934166586422324
20.26939648315414,1.0,1.6656957632998008,1.0,0.274592304992219
25.704091698422452,1.0,3.3627164652433295,1.0,2.057843541696419
32.86962464450664,1.0,2.0033277569921233,1.0,0.8742132573719513
28.066335905154034,1.0,1.129775208304859,1.0,-0.1324705710128314
38.95869192492084,1.0,-0.3729471844163714,1.0,-2.2800160903841515
28.18605235963409,1.0,0.060911955670382045,1.0,-1.2383162709732873
66.03519501800433,1.0,1.7543802083682698,1.0,0.2261870547358863
-20.238208495044116,1.0,-0.16286289216007477,1.0,-0.07872537165762307
-52.548120726593204,1.0,0.059133580819253795,1.0,-0.046544636974596314
-4.310940846929563,1.0,-0.23667126717827244,1.0,-1.0756756604631263
-9.521139948185102,1.0,0.6874325231535833,1.0,0.21490449259345593
41.99076383794201,1.0,2.6063824704317176,1.0,0.2826558606028707
3.588768669024226,1.0,1.0673232420581378,1.0,0.0032600520231609253
9.115035067390847,1.0,-0.027589971776390776,1.0,-0.8682249477956534
23.7812963291253,1.0,-0.5769601136100277,1.0,-1.2900242492928802
-107.09231947020145,1.0,-1.631108412566805,1.0,-0.502749952696771
15.904561887110233,1.0,1.518450283697252,1.0,0.5202171264886711
24.552009749333997,1.0,0.6912108388371339,1.0,-0.46360165386836144
96.23264482049832,1.0,3.386697382721565,1.0,-0.15234612289754595
3.3425426959677322,1.0,0.8921263396168259,1.0,-0.714135233585064
-42.51128633232842,1.0,0.16861587472390005,1.0,-0.0421051624507245
2.1482543697716148,1.0,-0.5505586716881825,1.0,-0.9699628035417369
44.728275157805626,1.0,2.1965756754208505,1.0,-0.09699764758220082
68.41575122679097,1.0,0.5678091442771523,1.0,-1.1514661513721345
-49.750659630401714,1.0,-1.1041103186722285,1.0,0.01528888550954608
-26.91426953019162,1.0,0.6671966780692816,1.0,0.24894575064123767
-22.345333725663846,1.0,-1.6176750688681802,1.0,-1.6195953842994915
52.8725822809644,1.0,1.3425583151232239,1.0,-0.3568936436593855
67.83182949440226,1.0,3.48163129494663,1.0,0.5989074412101518
7.244305934994027,1.0,1.6948722772563687,1.0,-1.024398758455481
-4.459948713850427,1.0,3.812643359516191,1.0,1.5949139322136845
35.08375920544878,1.0,1.8040718169872187,1.0,-0.5940259996188173
-20.52467857898392,1.0,0.38220105794292525,1.0,-0.8429697944184584
-7.602170177872248,1.0,3.581269178594406,1.0,1.979233290869642
0.1769689803318215,1.0,1.6100811808975077,1.0,0.24788239322825328
45.336896545615495,1.0,2.7767921224052974,1.0,1.3813931865946019
-13.229328262951293,1.0,1.6918643180266324,1.0,1.24613738356646
-60.095382381686115,1.0,-1.521213005632746,1.0,-1.334503343103912
-7.480103568236067,1.0,-0.30565937865220294,1.0,-1.579862849433227
-24.434217215774176,1.0,-1.548420721658572,1.0,-1.348508498322108
15.067020625291498,1.0,2.4223784834339375,1.0,0.8231961374518347
5.833391096102786,1.0,-0.8247455163868609,1.0,-1.0707574669004665
10.86326491470606,1.0,0.8646983383745922,1.0,-0.0005945641114148188
-19.184890961497675,1.0,-1.6725683700632352,1.0,-0.9728983630369118
-29.542844766888578,1.0,-0.8064621748724169,1.0,-0.5557996923441798
-72.15310741109104,1.0,-1.1493744164146764,1.0,-1.6074114239355726
-46.28407535905012,1.0,3.2544721096765334,1.0,2.7568724117745784
-49.956697042234275,1.0,0.03927763221837488,1.0,-0.11527710958036091
15.64387960266438,1.0,0.03549764122474075,1.0,-2.325089333571786
-58.09754661774449,1.0,-1.2127731687624932,1.0,-1.4516825384213545
-50.77766986078182,1.0,-1.08440615487691,1.0,-0.7738890199479191
-15.996312538222208,1.0,-1.3704415000040784,1.0,-2.0058090279122185
10.875285708420494,1.0,0.28535838549452386,1.0,-0.12143055381502525
-48.086336096661995,1.0,-1.4818427973508306,1.0,-1.5514706689490503
-16.048718256193077,1.0,-0.05993262240958219,1.0,0.02829582945602709
28.269630553056835,1.0,1.881087161318162,1.0,0.34550459925479043
-9.392951977243907,1.0,2.2394599124158145,1.0,1.2901700297424417
49.36770449830284,1.0,3.3152982459476616,1.0,0.08030537911975015
-13.950809151176244,1.0,1.6824775427843457,1.0,1.5830070662128557
-34.97299217408257,1.0,-0.02383648439684427,1.0,-0.1366641212566083
-7.664583249459694,1.0,0.21071687873683131,1.0,0.11335962923839168
32.39329711034871,1.0,2.4539964723957133,1.0,1.660514109796561
24.710182293703255,1.0,2.3127817410072504,1.0,0.38637771063669746
-6.231477485769852,1.0,1.2040314076719691,1.0,0.38631704563618263
-39.70547430220735,1.0,0.6207070117974083,1.0,0.009571467328930076
31.07881559402245,1.0,3.486052719446728,1.0,0.7030413970460677
12.428134556953976,1.0,2.0404013102213607,1.0,1.0747774485043755
19.148906445951123,1.0,2.6747187681552815,1.0,0.3611939054180398
-54.602650889960465,1.0,-1.5471582598993099,1.0,-1.2815279485853275
65.26734725418443,1.0,1.2241691718251801,1.0,-0.8534227331789219
1.8764890766393822,1.0,-0.34427133635944884,1.0,-0.7816829941019157
-34.88971794287244,1.0,-2.5799104799916144,1.0,-1.545427429229366
-17.444842900043092,1.0,1.1867511578385228,1.0,-0.005682257889690774
26.297948571052256,1.0,0.8954498223540165,1.0,-0.2719382341774285
-35.33553067632255,1.0,-0.8826265768466999,1.0,0.07596931846400691
-10.989054880012391,1.0,-0.40305349022456194,1.0,0.20696088937448773
-28.71107640374354,1.0,0.27085439811068923,1.0,0.48429583436887946
42.42525533170216,1.0,3.7248247593722907,1.0,1.6017761009799165
-27.590236691898763,1.0,-0.6593724755745067,1.0,-0.4929462683139663
16.710617734610366,1.0,1.7544353240985306,1.0,0.6689269111672791
-44.93738719867443,1.0,0.5279755995575137,1.0,0.7845977614958632
37.59082466282588,1.0,1.3657202064895346,1.0,-0.05007581044398236
10.378507347945227,1.0,1.940430917009622,1.0,0.9205756036744158
-9.701473460228765,1.0,-0.5575048963865634,1.0,-0.4489501073497893
19.4655475289126,1.0,2.980647192483949,1.0,0.42832431004468735
-30.500108015846227,1.0,1.598373669963225,1.0,1.4709942414243358
37.36912481864536,1.0,2.6582875388792013,1.0,1.0187995866562674
-88.23106142286883,1.0,-0.8899619779812618,1.0,0.36195863477963247
-21.47772303036069,1.0,0.4928724272389364,1.0,-0.47608679899827944
-51.49603399527978,1.0,0.6794001506294667,1.0,0.8262414315712314
-33.0338457620429,1.0,-1.0859339570984128,1.0,-1.0335543557127627
-27.58801762946921,1.0,1.0447360753114148,1.0,0.6316943160055536
-2.231172911268713,1.0,2.249347813202273,1.0,2.2797114206317675
31.779804486474138,1.0,3.458743639035457,1.0,1.6457685226441197
-17.520469317511242,1.0,1.1899699079290276,1.0,-0.2253536216570461
59.81280143222142,1.0,2.8010901681521156,1.0,1.4123869645835585
-44.49531685176848,1.0,1.3676538233093882,1.0,1.7930782945211314
-21.760189300338514,1.0,-0.4611486057465529,1.0,-0.4941037367337489
-54.3695996517548,1.0,0.5434475708556192,1.0,-0.12661210096477934
32.32653715472779,1.0,3.387296638024809,1.0,1.456447687601284
-2.9334002005300523,1.0,0.9341483283267278,1.0,0.835541164706216
2.121657192732794,1.0,1.1985812322394835,1.0,1.2175100730313706
37.232828418317084,1.0,1.638001501757466,1.0,-0.3400498839461179
-39.132224761024446,1.0,-0.017510203180628237,1.0,0.5820479374165858
-32.36298071981814,1.0,0.29958611573916183,1.0,-1.2139868730787073
33.76384722895286,1.0,4.0299760106675375,1.0,0.9446655206363577
47.078052491449924,1.0,4.764847424622839,1.0,2.328017118045794
33.774893677216866,1.0,3.1601965014803546,1.0,1.0744197035289598
44.31713883985147,1.0,1.5571589630662204,1.0,0.2597399772058181
23.921448507243074,1.0,2.045928511849276,1.0,-0.808850194730563
21.317659209320503,1.0,-0.4444996046134433,1.0,-1.5156851561027431
-27.939018642048715,1.0,1.2257443147479539,1.0,-0.6659817887672155
24.09640897319219,1.0,1.1761777543187442,1.0,-0.5577055628983225
11.171971991270809,1.0,-0.7907619157299944,1.0,-1.4582076419040018
-14.869510638219653,1.0,0.8971331106913842,1.0,0.04616595570769986
63.75535222756083,1.0,-1.048804260033191,1.0,-2.3028194266922872
54.59610783695811,1.0,3.276476897599551,1.0,1.4680107433681076
-8.104122373056988,1.0,-1.5102301879682245,1.0,-1.4937350539915357
20.543516385064777,1.0,1.6829918837817648,1.0,-0.1366012049593787
16.665023689474786,1.0,0.2976553400584374,1.0,-1.6200437302316526
-49.53675310645402,1.0,0.7768980516148811,1.0,0.6042156237386085
31.179382280612213,1.0,1.103709108269269,1.0,0.2585311921779379
26.207893416746845,1.0,0.7047699613749644,1.0,-0.2598296314289606
41.957369948229584,1.0,0.9967247016300167,1.0,-0.023829223683671043
2.3599090524424735,1.0,2.5876514014301186,1.0,1.1991235408338197
52.8892640994243,1.0,1.1720035486574614,1.0,-1.0986311157451583
-29.209224521499166,1.0,1.0288770350702483,1.0,0.756003213514056
-74.34095396389782,1.0,0.1714869124999252,1.0,0.7812693254913721
-14.228245510809797,1.0,0.8863527955082686,1.0,0.23203532118570597
-36.997631934950455,1.0,-1.276976015078749,1.0,-1.001551565806621
19.811815560577223,1.0,1.9767677203233225,1.0,0.5039781220262427
-69.76112115047135,1.0,-1.6326684082552314,1.0,-0.7569733626102766
12.949810535580166,1.0,-0.010642370039524784,1.0,-0.7473213337506585
29.61532694972959,1.0,2.2253460197612256,1.0,0.23994482318583593
-21.10383305695593,1.0,-1.3705451899812928,1.0,-1.5914025798937441
0.09936500934970405,1.0,-1.1557856591586475,1.0,-1.3577865182061128
18.71267771443164,1.0,-0.34344014086270347,1.0,-1.1079246513862846
12.137252848969808,1.0,1.0660493685988839,1.0,-1.4763788364320962
40.64767276170431,1.0,2.519911624799453,1.0,0.7190307231176445
-28.166076031201968,1.0,2.7933582659236977,1.0,2.7851840127466403
-41.89829633728334,1.0,-1.12780629777901,1.0,-0.15388416313246622
67.91769384967694,1.0,3.7923307725766398,1.0,0.48175907118013866
29.58128132927202,1.0,1.7090547369239828,1.0,0.9228641432145855
-48.905435641390575,1.0,-0.08337539194285637,1.0,0.1474813073883152
-0.12317059984674539,1.0,-1.2148542435174918,1.0,-1.5336342575488628
-23.666530896322087,1.0,0.4039628910381417,1.0,-0.6992228692649364
-8.664162205566358,1.0,-1.1387366699499273,1.0,-1.5170018797034177
-57.39304728772888,1.0,1.2048359277872516,1.0,0.9200756849983845
16.048297823943727,1.0,2.5516250472935607,1.0,1.466139305139836
44.05193873597156,1.0,2.5618347780982393,1.0,-0.34144312651133896
-3.030253643331782,1.0,-0.39927433959270986,1.0,-1.2179548422929354
-9.584959409012214,1.0,-0.1525462672073573,1.0,-0.5208697696434595
-27.426433230480757,1.0,-0.05809171529786661,1.0,0.5449126562016502
-22.60263040544013,1.0,1.2409732530519602,1.0,0.7847417289208968
33.743325537710916,1.0,1.011827429136666,1.0,0.14397232300716423
20.485336050586895,1.0,-0.3012757003709459,1.0,-1.303649518199036
30.027113654963852,1.0,0.7114134032224475,1.0,-1.0281215998838455
60.635947870947284,1.0,-0.4386691686636077,1.0,-1.3406152218776948
59.44363626028307,1.0,0.5438437471377018,1.0,-2.0677309239967148
5.806356793114948,1.0,1.9722797990237217,1.0,0.7255856356706787
70.81793336988511,1.0,3.301257956977848,1.0,1.494149181541036
3.2440957930001995,1.0,2.075087390588151,1.0,0.9831196157274418
-5.317780691295896,1.0,-0.5200132985202266,1.0,-0.42749267153053433
2.440957670152309,1.0,0.8562917632409397,1.0,0.3725552284646903
4.842794259693236,1.0,1.1901279079718514,1.0,1.5536803406895856
6.342573861505476,1.0,0.13997093059265703,1.0,-0.8577690694238499
26.702734363963,1.0,1.9198691063001259,1.0,-0.5264176320947601
36.745124283713494,1.0,3.3115016681847695,1.0,1.0163980440108722
-28.225827259928327,1.0,-0.1520207914407659,1.0,-0.6662716935047571
-17.889145356021576,1.0,0.3353255669691481,1.0,-0.4058724982272976
45.36757969568321,1.0,1.0898223729156726,1.0,-1.0021139286131784
5.493384623508914,1.0,1.3410351014551636,1.0,0.8394304106212093
88.050573645728,1.0,1.4244085232404995,1.0,-0.3314332476481307
19.666804069547133,1.0,-0.7155781009657667,1.0,-1.5011238898235866
2.217436500344446,1.0,1.092699065452476,1.0,0.32289544389393926
-4.104845147570544,1.0,0.2909451043800578,1.0,-0.7125696314722821
-65.57858047595181,1.0,0.3254070381220253,1.0,1.1966225702588271
49.51511420802882,1.0,2.9062389407331803,1.0,0.87450995842951
-42.946846280167144,1.0,0.5728296200737739,1.0,0.7808175887135036
12.486951240220694,1.0,1.0045934289724334,1.0,-0.4746214358554448
32.429959229643394,1.0,-0.5699268739524453,1.0,-1.7001908848492158
-7.990228900002684,1.0,0.43852718804439483,1.0,-0.9843818594382899
-26.53643539400005,1.0,1.5420692353692598,1.0,1.3543172727484964
16.623150379554275,1.0,4.34190027681051,1.0,1.9059080474368957
9.7280737221102,1.0,1.2106861989373776,1.0,0.7234173568909368
-50.81374093383604,1.0,-0.992419383575334,1.0,-1.4504409152704074
61.93128672000185,1.0,0.5739929913097368,1.0,-1.6631937602672004
-28.687921914186415,1.0,-0.7316257543744773,1.0,0.13764751963601607
22.36143467996125,1.0,1.3223613893802406,1.0,-0.5391122090969621
4.022061721974937,1.0,1.5957262819126616,1.0,1.046775212601295
-5.652281952617074,1.0,1.2516109051045274,1.0,1.0817604557661198
29.411390976759925,1.0,1.4634134364145364,1.0,-0.42606678073047743
25.885082343069893,1.0,0.8277715930524139,1.0,0.016905159007748752
12.347794169786152,1.0,-0.9607110603731608,1.0,-1.8795192874780862
-22.16125630865912,1.0,1.437425862725506,1.0,1.0229904281844755
21.582202807106633,1.0,1.75131143300331,1.0,0.7503552087103467
-13.049875007834812,1.0,1.521546636932686,1.0,-0.041511782187192425
39.35325158264389,1.0,0.7388228235493668,1.0,0.5916573831607665
-58.334535924686804,1.0,-1.273774267190591,1.0,-0.7418313944839061
80.48599771921226,1.0,3.173257284985933,1.0,0.6118893288411227
-7.493401368943726,1.0,1.3702087380937042,1.0,0.10682028537669316
57.76588224070836,1.0,3.3559282120787635,1.0,1.2703691391281753
1.1243002383377707,1.0,1.343969913892944,1.0,0.953044917638303
-3.587107143258277,1.0,0.1927078328416535,1.0,-0.9915390487669341
21.21874064432128,1.0,-0.06099367588759308,1.0,-0.5489603085427764
45.61894476033095,1.0,1.3464167836629604,1.0,-0.10541338919727662
-35.59417074254956,1.0,0.5111450363873601,1.0,0.316194618632504
31.719471214337858,1.0,2.6191363615727767,1.0,1.4322036579839705
38.54548072366823,1.0,2.2260371556367358,1.0,0.35318900084452814
13.490703883300897,1.0,0.4838635566983835,1.0,-0.805703688189293
-9.109544154292236,1.0,1.3948909567856473,1.0,0.8349519766076365
36.69529536529104,1.0,0.9445655946472031,1.0,-0.6952454850465614
79.13688826026308,1.0,3.216087111294457,1.0,-0.18522964845133033
-34.67270733464981,1.0,0.3185652952004545,1.0,1.0201214075204992
59.68235351681579,1.0,1.8741603685995234,1.0,-0.1832232430881278
-35.43123704470604,1.0,1.1743232967519481,1.0,-0.016269779980538326
-35.13098548568704,1.0,-1.791462976314233,1.0,-0.47897248170592716
-19.881891269251305,1.0,2.722915294280919,1.0,2.477379103021191
-75.83667612958703,1.0,-1.067089821994169,1.0,0.4481463451254255
56.95750654825819,1.0,0.45020353185170325,1.0,-1.3222659336222842
-7.53384611316098,1.0,1.8551469606050344,1.0,0.7264039527726123
-21.717426123117367,1.0,-0.13350421527310496,1.0,0.46272336391858765
-16.03981501931632,1.0,-0.51615112655011,1.0,-2.522953630531066
-23.92654745921388,1.0,2.15656255132061,1.0,1.2945599019816305
-35.69879974199472,1.0,-0.635284326897193,1.0,-0.611026466723201
23.103385323860437,1.0,0.9999218905543701,1.0,-0.1494436217437678
-8.756927300454361,1.0,-0.2584556810001728,1.0,-0.3764865123698583
15.391505643755675,1.0,1.3368629389889413,1.0,-0.3706559034786535
-27.490007634200733,1.0,-0.3400622515648182,1.0,0.7852887880539499
-58.78428808188468,1.0,0.004645051666750111,1.0,-0.056151077633344
64.73937318269479,1.0,2.7123212118297246,1.0,0.6671101752944467
4.516801164109332,1.0,1.0601311365442416,1.0,-0.14771031769671533
23.33470652868988,1.0,1.9454213298839214,1.0,0.1820083405801498
72.15745343833419,1.0,3.6122419792540743,1.0,0.8802494536849257
-19.31275891779995,1.0,-0.3958615018993036,1.0,-0.23364497546717647
4.784811098070342,1.0,0.9274121889897298,1.0,0.3962140547531902
-70.0481270875492,1.0,-1.1213483163629414,1.0,0.17355854715805424
4.686728695219934,1.0,-0.004868337296055403,1.0,-1.8258552591429964
-9.749236423537546,1.0,0.46758126142566925,1.0,-0.268387114358106
-13.990731098055624,1.0,1.2894314571145982,1.0,-0.202885589459115
33.173722564776604,1.0,3.9644516363668343,1.0,1.3221672885685665
21.640133886774,1.0,-0.047082425323293986,1.0,-1.4453777445827902
70.90166994295726,1.0,1.6556677156791033,1.0,0.11151415660304431
0.003005613075959701,1.0,1.4998164150516526,1.0,-0.08239254500346423
-12.285592250185429,1.0,0.07436399284585593,1.0,-0.5915534026430638
44.72599506923366,1.0,2.7427128761659834,1.0,1.465816360476378
-27.13697626128043,1.0,-0.5815546460538776,1.0,-0.4544650896834154
-14.746168428105095,1.0,2.8408022676293756,1.0,1.352511012319175
-55.93942294309288,1.0,0.4050664694354875,1.0,0.9805814732442916
-35.324348752230215,1.0,0.4258252103221618,1.0,-0.20123640660902262
51.047934734782245,1.0,2.584541918426996,1.0,0.6484937136979141
69.8111299378548,1.0,0.9787129870955937,1.0,-1.1609286015449418
26.40165616274676,1.0,4.444573716751791,1.0,2.258374310942994
39.59412233790155,1.0,2.7040717822346436,1.0,1.4890464938144925
46.73543732851017,1.0,2.1330795864665957,1.0,0.6116089199866661
-75.32683852343412,1.0,-2.044584664568708,1.0,-0.7358296520148122
-0.7774590388760618,1.0,1.5873367781636143,1.0,0.7842747129411757
-9.609079629845304,1.0,0.23671514807066196,1.0,-0.2755923025309293
-2.3235874005184547,1.0,1.3943651669755703,1.0,0.1884478978151857
30.37027028406272,1.0,1.6593065455805855,1.0,-0.11231399638054682
-35.27028908081281,1.0,1.3286732369214875,1.0,-0.015445315758675264
14.895764416566454,1.0,1.4865251656442475,1.0,0.8673996757262148
-20.407601187656255,1.0,1.4632931629319104,1.0,0.841414792313614
67.05892099108367,1.0,4.25591003794687,1.0,0.3490189697673528
-33.535000338403044,1.0,0.5093325785079235,1.0,0.19498684860047258
-4.219068092616679,1.0,1.7398176572340374,1.0,0.0451565740026502
-49.087873096180815,1.0,-2.2849773657811077,1.0,-1.9947438032174953
3.0767678573103057,1.0,1.249292187117212,1.0,0.3704206724065675
-8.635956801243848,1.0,1.6242917701972486,1.0,0.0010639509461362966
-15.724219853307869,1.0,1.0693765942536282,1.0,0.03276651155720058
-40.87857377246627,1.0,1.8068619469072038,1.0,1.7698447816235916
-66.39135287914532,1.0,0.4346409144484211,1.0,0.5529224384810765
77.94824738421153,1.0,3.0226803104468605,1.0,0.6814474917485476
4.286437256601708,1.0,1.280179927721477,1.0,1.2465771910135488
-10.73669584625948,1.0,-0.07674669629277098,1.0,-1.3811164307960255
-6.869039820506924,1.0,2.81179460476282,1.0,0.9996603889569776
15.866554970740099,1.0,1.9842536140617202,1.0,0.3796620460439011
-43.427488304460574,1.0,0.2242669316775616,1.0,-0.7613344796197618
-28.294868072212715,1.0,0.257785212314656,1.0,-0.5284848435064105
11.846150513854395,1.0,0.11172571164347495,1.0,-0.4520310573385878
72.29633299100702,1.0,2.990060425965905,1.0,0.9224373339200969
-2.924385221195961,1.0,0.6056759508892559,1.0,-0.5089303104858243
12.412577555316759,1.0,0.5415014492755607,1.0,-1.3975512147060911
-23.965070430750007,1.0,1.777531323163011,1.0,0.16256984117023726
37.62324488496249,1.0,3.0211964614370204,1.0,1.0627290772122797
10.707573467113537,1.0,0.18564082488958222,1.0,-0.6297926802501096
-76.33910752152306,1.0,-2.9464332915224,1.0,-2.1244189474973085
-19.9659229653395,1.0,1.524138826538329,1.0,0.6312302185721027
-62.65926071535072,1.0,-0.5933143442487021,1.0,-0.5153619007802748
3.272018610606305,1.0,2.67788183043379,1.0,1.226116033219357
-17.889488020954836,1.0,1.6880193588463122,1.0,0.5988185861573315
30.889644730089508,1.0,0.9408505084059205,1.0,0.1770111729627688
43.44568899457182,1.0,2.2647538004368166,1.0,1.2232658372103593
-62.107234566811485,1.0,-0.15568872486926977,1.0,-0.28839160930263424
69.01967222827643,1.0,1.9368354593294559,1.0,-1.070144293090434
40.435778141490374,1.0,1.9526099433257487,1.0,0.4790777353498454
-46.754009455871014,1.0,-0.10021383931436312,1.0,-0.5712272497568918
24.246547108843952,1.0,-0.25339199152989134,1.0,-1.4665697541585412
50.29424783382551,1.0,1.0943755243768662,1.0,0.19175407927673827
-3.2380040190362527,1.0,2.456681496611584,1.0,1.1013042362518979
-69.96408916984733,1.0,1.5356584432384914,1.0,0.7228481910354587
-0.5277765208399465,1.0,2.7480064113150817,1.0,0.7547006965702864
-4.86257708112052,1.0,2.13521866965631,1.0,0.6056952741832844
-2.4301022687767695,1.0,0.32167927598276247,1.0,-0.05662002598281183
61.34931668918641,1.0,2.139006038200243,1.0,-0.697284676447268
21.777119039590218,1.0,1.2657913432961807,1.0,-1.0395946668621068
-3.942336494843836,1.0,-0.8124434508339197,1.0,-0.8402336934696264
15.539835198321068,1.0,1.6189694189322728,1.0,0.44015429802741746
-34.75977432663663,1.0,0.9126732063241921,1.0,0.5122833590507446
-23.03299453959488,1.0,0.10879346131068696,1.0,-1.21674437098051
-5.354935847612548,1.0,1.0185577697937418,1.0,-0.22588050415087774
82.0633535456312,1.0,1.361281245619543,1.0,-2.0196039760688484
-56.31926222863721,1.0,-0.3147822035472837,1.0,-0.3021612608953065
-27.506169395437656,1.0,-0.8264268945027642,1.0,-1.1164983482892545
-13.63498647430209,1.0,-1.6628960531947738,1.0,-1.7139664846582947
-10.834089467655417,1.0,0.1410314955804982,1.0,-1.0530071946864024
-42.59859932240083,1.0,1.2443027420484292,1.0,0.46422980340339204
2.540328534432044,1.0,0.4133493737910785,1.0,-0.7906029353347743
-10.72257147238337,1.0,1.1821680956513114,1.0,-0.3040314093187162
52.12192836114884,1.0,4.305006910122,1.0,0.8049252005065384
21.64138293549917,1.0,0.8377393661080811,1.0,-0.25607628018536954
25.134211546752024,1.0,-0.6089410792081441,1.0,-1.0861996339058215
-6.092385463701645,1.0,1.3970492264829795,1.0,-0.003716710720820165
-9.379635463643634,1.0,2.1771307527117507,1.0,0.32012902365703744
18.935251551179633,1.0,0.7629264041731196,1.0,0.5704952422060896
